2018-10-30 23:59:58+00:00,ForzaLiveryGuy,0,3,"b'I have tried both in the past, and I have always returned to apple. I see the benefits of both and neither are perfect. I am very happy with my iPhone X and Series 4 watch.'"
2018-10-30 23:59:47+00:00,LoudtreezTCG,0,0,b'#MOOD A1 #Vibes #iphoneX FLEXXX .. dengee GET #money UuuU heard \xe2\x80\xa2 \xe2\x80\xa2 \xe2\x80\xa2 B.I.G .. #BIGGIE #biggiesmalls #theNotoriousBIG 1 the best 2 EVA DO IT ! #salute #almightyvision #iphone step ya\xe2\x80\xa6 https://www.instagram.com/p/Bpk1qFYH7FQ/?utm_source=ig_twitter_share&igshid=1lhbnfz7cz8or \xe2\x80\xa6'
2018-10-29 23:59:59+00:00,yuka19841125,0,3,b'#\xe3\x83\x95\xe3\x82\xa9\xe3\x83\xad\xe3\x83\xaf\xe3\x83\xbc\xe3\x81\x95\xe3\x82\x93\xe3\x81\xae\xe5\x90\x8d\xe5\x89\x8d\xe3\x81\x8c\xe5\x87\xba\xe3\x82\x8b\xe3\x81\xbe\xe3\x81\xa750\xe9\x9f\xb3 iPhone (\xc2\xb4-\xcf\x89-)\xef\xbd\xb3\xef\xbe\x91 \xe3\x81\x87\xe2\x94\x81(*\xc2\xb4\xe3\x83\xbb\xd0\xb4\xe3\x83\xbb)\xe2\x94\x81!!! \xe3\x83\xbe(\xc5\x90\xe2\x88\x80\xc5\x90\xe0\xb9\x91)\xef\xbd\xab\xef\xbe\x8a\xef\xbd\xae\xef\xbd\xab\xe2\x9c\xab\xef\xbe\x9f* \xe3\x82\xab\xe3\x83\xac\xe3\x83\xbc \xe3\x82\xad\xe3\x83\xa3\xe3\x82\xb9 \xe9\xbb\x92\xe7\x8b\x90\xe3\x81\x8f\xe3\x82\x93 \xe3\x81\x8a\xe3\x81\xa3\xef\xbc\x81\xe9\xbb\x92\xe7\x8b\x90\xe3\x81\x8f\xe3\x82\x93\xe5\x87\xba\xe3\x81\x9f!!'
2018-10-29 23:59:57+00:00,blackappleshop,0,0,b'Case Zippo Force for Iphone 5 Rp 160.000 #BlackAppleShoppic.twitter.com/H9lrb4NZaB'
2018-10-29 23:59:55+00:00,MorletteFarid,0,0,b'Un iPhone pourquoi'
2018-10-29 23:59:55+00:00,shigetylive,0,0,b'\xe2\x80\x9c\xe6\xac\xa1\xe4\xb8\x96\xe4\xbb\xa3iPad Pro\xe3\x81\xaf10\xe6\x9c\x8830\xe6\x97\xa5\xe3\x81\xab\xe7\x99\xba\xe8\xa1\xa8\xe3\x80\x8111\xe6\x9c\x882\xe6\x97\xa5\xef\xbc\x88\xe9\x87\x91\xef\xbc\x89\xe7\x99\xba\xe5\xa3\xb2\xe3\x81\x8b - iPhone Mania\xe2\x80\x9d http://htn.to/Cwmwzt'
2018-10-29 23:59:54+00:00,a_media_kariya,0,0,b'UQ\xe3\x83\xa2\xe3\x83\x90\xe3\x82\xa4\xe3\x83\xab\xe3\x81\xa8WiMAX\xe5\x90\x8c\xe6\x99\x82\xe5\xa5\x91\xe7\xb4\x84\xe3\x81\xa7\xe4\xb8\x80\xe6\x8b\xac\xef\xbf\xa5\xe5\x86\x86\xef\xbc\x81\xef\xbc\x81 \xe6\x9c\x88\xe3\x80\x855572\xe5\x86\x86\xef\xbd\x9e\xe3\x81\xa72\xe5\x8f\xb0\xe6\x8c\x81\xe3\x81\xa6\xe3\x81\xa1\xe3\x82\x83\xe3\x81\x84\xe3\x81\xbe\xe3\x81\x99\xef\xbc\x88\xef\xbc\xbe\xe2\x96\xbd\xef\xbc\xbe\xef\xbc\x89 #UQ\xef\xbd\xbd\xef\xbe\x8e\xef\xbe\x9f\xef\xbd\xaf\xef\xbe\x84\xef\xbd\xb2\xef\xbd\xb5\xef\xbe\x9d\xef\xbe\x80\xef\xbd\xb3\xef\xbe\x9d\xe5\x88\x88\xe8\xb0\xb7 #au #UQ #iPhone #MNP #\xe6\xa0\xbc\xe5\xae\x89 #\xef\xbd\xbd\xef\xbe\x8f\xef\xbe\x8e #softbanku #\xef\xbe\x84\xef\xbe\x9e\xef\xbd\xba\xef\xbe\x93 #\xe6\xa9\x9f\xe7\xa8\xae\xe5\xa4\x89\xe6\x9b\xb4 #\xe4\xb8\x80\xe6\x8b\xac #CB'
2018-10-29 23:59:54+00:00,SilvisEmily1,0,4,b'Darn why not iphone tho? can u at least try ur hardest for iphone please?????????'
2018-10-29 23:59:50+00:00,AnahiBreatheUSA,0,0,b'Creo que yo tengo el iPhone m\xc3\xa1s viejito de las 3 pic.twitter.com/MDTATNYnPM'
2018-10-29 23:59:47+00:00,MARASlGN,0,0,"b'@Edwin_Honoret wait, did you just lost your iphone? h-how?'"
2018-10-29 23:59:45+00:00,zhongchuanm,0,0,b'AirDrop\xe3\x81\xae\xe4\xbd\xbf\xe3\x81\x84\xe6\x96\xb9:\xe8\xb5\xa4\xe5\xa4\x96\xe7\xb7\x9a\xe3\x82\x88\xe3\x82\x8a\xe7\xb0\xa1\xe5\x8d\x98\xe3\x81\xabiPhone\xe9\x96\x93\xe3\x81\xa7\xe6\x83\x85\xe5\xa0\xb1\xe4\xba\xa4\xe6\x8f\x9b | iPod/iPad/iPhone\xe3\x81\xae\xe3\x81\x99\xe3\x81\xb9\xe3\x81\xa6 https://www.apollomaniacs.com/ipod/howto_touch_airdrop.htm \xe2\x80\xa6'
2018-10-29 23:59:45+00:00,6Six6ames,0,0,"b'Aqui do twitter n\xc3\xa3o se v\xc3\xaa a mis\xc3\xa9ria, ela n\xc3\xa3o cabe no seu Iphone, n\xc3\xa3o querer ajudar quem precisa e foda-se as minorias blz isso \xc3\xa9 esperado de ti, Minorias sofrem e s\xc3\xa3o perseguidas desde de sempre lembra o que pedia o Cara que vcs Sacrificaram na Cruz, ele era a maioria? CEGOS..'"
2018-10-29 23:59:40+00:00,VerdanLorenzo,0,1,b'Qual \xc3\xa9 esse iPhone??'
2018-10-29 23:59:32+00:00,arielta88595118,0,0,b'Thank you mom for the iPhone 8 Plus'
2018-10-29 23:59:32+00:00,LotusB10,1,1,b'Unreported: my iPhone was stolen at @marinabaysands! Flatmate\xe2\x80\x99s @PaulSmithDesign shirts stolen at garden laundry area. Advised to hang inside or use dryer but did he listen? Frd\xe2\x80\x99s iPhone stolen at local pub. Admit \xe2\x80\x98relatively safer\xe2\x80\x99 but so is Cambodia & Bali where I\xe2\x80\x99d stayed.'
2018-10-29 23:59:30+00:00,renanpalozi__,1,0,"b'carregador de iphone, pq t\xc3\xa3o lixo'"
2018-10-29 23:59:29+00:00,Dealerei_de,0,0,b'Original-Akku-Tausch f\xc3\xbcr verschiedene iPhone-Modelle bei Dr. Phone (60% sparen*) - https://dealerei.de/deal/original-akku-tausch-fuer-verschiedene-iphone-modelle-bei-dr-phone-60-sparen/ \xe2\x80\xa6pic.twitter.com/uO8roRWfYk'
2018-10-29 23:59:29+00:00,mehedih_,1,5,"b'As bad as Portrait mode still is on the iPhone Xs, real-time depth control sounds really cool https://www.thurrott.com/apple/189906/ios-12-1-lands-tomorrow-with-real-time-depth-control-group-facetime \xe2\x80\xa6 // coming with iOS 12.1 tomorrow'"
2018-10-29 23:59:27+00:00,iloveshrimp33,0,1,b'\xe3\x83\x9d\xe3\x82\xb9\xe3\x82\xbf\xe3\x83\xbc\xe3\x81\xab\xe3\x81\x97\xe3\x81\xa6iPhone\xe5\x8f\x96\xe6\x89\xb1\xe5\xba\x97\xe5\x85\xa8\xe3\x81\xa6\xe3\x81\xab\xe3\x83\x87\xe3\x82\xab\xe3\x83\x87\xe3\x82\xab\xe3\x81\xa8\xe8\xb2\xbc\xe3\x82\x8a\xe3\x81\x9f\xe3\x81\x84\xe3\x81\xa7\xe3\x81\x99\xe3\x81\xadw'
2018-10-29 23:59:26+00:00,naniwaguruguru,0,0,b'\xe8\xb2\xb7\xe3\x81\xa3\xe3\x81\xa6\xe3\x81\xbf\xe3\x81\x9f\xe3\x80\x82king of \xe4\xb8\xad\xe8\x8f\xaf\xe3\x82\xb9\xe3\x83\x9e\xe3\x83\x9b #HUAWEIP20LITE \xe3\x82\xb2\xe3\x83\xbc\xe3\x83\xa0\xe3\x81\xa8\xe3\x81\x8b\xe3\x81\x97\xe3\x81\xaa\xe3\x81\x84\xe9\x99\x90\xe3\x82\x8a\xe3\x81\x93\xe3\x82\x8c\xe3\x81\xa7\xe5\x8d\x81\xe5\x88\x86 \xe5\xab\x81\xe3\x81\xa8\xe5\xa8\x98\xe4\xba\x8c\xe4\xba\xba\xe3\x81\x8c #iphone \xe3\x81\x97\xe3\x81\x8b\xe5\xab\x8c\xe3\x81\xa0\xe3\x81\x9d\xe3\x81\x86\xe3\x81\xa7\xe3\x81\x9d\xe3\x81\xae\xe3\x81\x97\xe3\x82\x8f\xe5\xaf\x84\xe3\x81\x9b\xe3\x81\x8c\xe3\x81\xa8\xe3\x83\xbc\xe3\x81\xa1\xe3\x82\x83\xe3\x82\x93\xe3\x81\xab\xe3\x81\x8f\xe3\x82\x8b\xe3\x80\x82 #\xe4\xb8\xad\xe8\x8f\xaf\xe3\x82\xb9\xe3\x83\x9e\xe3\x83\x9b #\xe3\x83\x9e\xe3\x82\xa4\xe3\x83\x8d\xe3\x82\xaa #MVNOpic.twitter.com/HFvhtHxedb'
2018-10-29 23:59:26+00:00,feijri,0,0,"b'Repair Service For Iphone 6 Plus Touch IC Disease, no touch and grey bars,READ http://rover.ebay.com/rover/1/711-53200-19255-0/1?ff3=2&toolid=10039&campid=5337649399&item=401596877508&vectorid=229466&lgeo=1 \xe2\x80\xa6'"
2018-10-29 23:59:22+00:00,ZNovice,0,0,"b'Kot ka\xc5\xbee novi iPhone XR ni poseben samo po tem, da je najbolj cenovno ugoden med vsemi novimi Applovimi modeli, temve\xc4\x8d tudi po tem, da na njega kupci ne \xc4\x8dakajo v dolgih \xc4\x8dakalnih vrstah, ki smo jih navajeni, ko Apple za\xc4\x8dne s prodajo svojih novih produktov\xe2\x80\xa6 https://ift.tt/2ENK9Cw'"
2018-10-29 23:59:18+00:00,JorianBos,0,0,b'YC-backed Observant uses the iPhone\xe2\x80\x99s infrared depth sensors to analyze user emotions: https://ift.tt/2PritHA'
2018-10-29 23:59:17+00:00,NicoleSiburg,0,13,b'Apple is racist I looked at this Asian guy\xe2\x80\x99s iPhone X and it opened smh'
2018-10-29 23:59:17+00:00,NanditoPe9,7,63,"b'Hace un toque fui a comprar un cable para iPhone y el pata que atend\xc3\xada me dijo \xe2\x80\x9cno me queda, solo tengo en color morado\xe2\x80\x9d OE COJUDO acaso por ser hombre y el cable de color morado no va a cargar mi celular ?'"
2018-10-29 23:59:17+00:00,OchoaCinco85,6,13,b'nintendo needs to make mario cart for iphone'
2018-10-29 23:59:16+00:00,mrtntmaster7,0,0,"b""I liked a @YouTube video http://youtu.be/rWmliKgI8yg?a Dropping an iPhone XS Max Into Nuclear Power Plant Hole! - What's In There?"""
2018-10-29 23:59:15+00:00,Xavier99667787,0,0,b'@auronplay listo para ganarme el iphone X xd'
2018-10-29 23:59:14+00:00,mikimini_mayu,0,3,b'\xe3\x81\xb2\xe3\x81\xa8\xe3\x82\x8a\xe6\x97\x85\xe3\x81\xa7D5500\xe3\x82\x92\xe7\x9b\xb8\xe6\xa3\x92\xe3\x81\xab\xe4\xbb\x99\xe5\x8f\xb0\xe3\x81\xab\xe6\x9d\xa5\xe3\x81\xa6\xe3\x81\x8a\xe3\x82\x8a\xe3\x81\xbe\xe3\x81\x99\xe7\x9d\x80\xe3\x81\x84\xe3\x81\xa6\xe6\x97\xa9\xe3\x80\x85\xe3\x81\xabiPhone\xe8\x90\xbd\xe3\x81\xa8\xe3\x81\x97\xe3\x81\x9f\xe3\x81\x8b\xe3\x82\x89\xe3\x80\x81\xe8\xb2\xb7\xe3\x81\xa3\xe3\x81\xa62\xe3\x83\xb6\xe6\x9c\x88\xe3\x81\x90\xe3\x82\x89\xe3\x81\x84\xe3\x81\xae\xe9\xab\x98\xe3\x81\x84\xe4\xbf\x9d\xe8\xad\xb7\xe3\x83\x95\xe3\x82\xa3\xe3\x83\xab\xe3\x83\xa0\xe3\x81\x8c\xe3\x81\x8a\xe9\x87\x88\xe8\xbf\xa6\xe3\x81\xab\xe3\x81\xaa\xe3\x82\x8a\xe3\x81\xbe\xe3\x81\x97\xe3\x81\x9f\xe6\x96\xb0\xe3\x81\x97\xe3\x81\x84\xe3\x81\xae\xe3\x81\x8c\xe8\xa6\x97\xe3\x81\x8d\xe8\xa6\x8b\xe9\x98\xb2\xe6\xad\xa2\xe3\x83\x95\xe3\x82\xa3\xe3\x83\xab\xe3\x83\xa0\xe3\x81\xa0\xe3\x81\x8b\xe3\x82\x89\xe7\x94\xbb\xe9\x9d\xa2\xe3\x81\xae\xe8\x89\xb2\xe3\x81\x8c\xe8\x8b\xa5\xe5\xb9\xb2\xe5\xa4\x89...\xe5\x86\x99\xe7\x9c\x9f\xe8\xa6\x8b\xe3\x82\x8b\xe3\x81\xa8\xe3\x81\x8d\xe6\xb0\x97\xe6\x8c\x81\xe3\x81\xa1\xe6\x82\xaa\xe3\x81\x84\xe3\x81\x8b\xe3\x82\x893000\xe5\x86\x86\xe3\x82\x92\xe3\x83\x89\xe3\x83\x96\xe3\x81\xab\xe6\x8d\xa8\xe3\x81\xa6\xe3\x81\x9d\xe3\x81\x86\xe3\x81\xaa\xe4\xba\x88\xe6\x84\x9f\xe3\x80\x82\xe5\x86\x99\xe7\x9c\x9f\xe3\x81\xaf\xe6\x98\xa8\xe6\x97\xa5\xe3\x81\xae\xe3\x81\x8a\xe6\x98\xbc\xe3\x81\x94\xe3\x81\xaf\xe3\x82\x93\xe3\x80\x9c\xe4\xbb\x8a\xe6\x97\xa5\xe3\x81\xaf\xe4\xbd\x95\xe9\xa3\x9f\xe3\x81\xb9\xe3\x82\x88 pic.twitter.com/cZUaTDd16v'
2018-10-29 23:59:13+00:00,IAMFurqanN,0,0,b'I liked a @YouTube video http://youtu.be/dcFXEXJicgc?a Watch EVERYONE pick the iPhone XR over a 1080p Screen'
2018-10-29 23:59:13+00:00,OMGlaureen,0,0,"b'n\xc3\xa3o existe mais o iPhone 6 Plus, pra que isso caralho, VTNC'"
2018-10-29 23:59:12+00:00,TarkNo1,0,1,b'\xe5\x88\x9d\xe3\x82\x81\xe3\x81\xa6iPhone\xe3\x81\x8b\xe3\x82\x89iPhone\xe3\x81\xab\xe6\xa9\x9f\xe7\xa8\xae\xe5\xa4\x89\xe3\x81\x97\xe3\x81\x9f\xe3\x81\x91\xe3\x81\xa9\xe3\x80\x81 \xe3\x81\x82\xe3\x81\xbe\xe3\x82\x8a\xe3\x81\xab\xe3\x82\x82\xe6\x93\x8d\xe4\xbd\x9c\xe6\x80\xa7\xe4\xb8\x80\xe7\xb7\x92\xe3\x81\xa7\xe6\x96\xb0\xe9\xae\xae\xe5\x91\xb3\xe7\x84\xa1\xe3\x81\x84\xe3\x81\xad\xe3\x80\x82 \xe3\x82\xa2\xe3\x83\x97\xe3\x83\xaa\xe3\x81\xae\xe7\xb2\xbe\xe6\x9f\xbb\xe3\x81\x8c\xe5\x87\xba\xe6\x9d\xa5\xe3\x81\x9f\xe3\x81\x93\xe3\x81\xa8\xe3\x81\xa8\xe3\x80\x81\xe6\x96\xb0\xe3\x81\x97\xe3\x81\x84\xe3\x82\xb9\xe3\x83\x9e\xe3\x83\x9b\xe3\x82\xb1\xe3\x83\xbc\xe3\x82\xb9\xe8\xb2\xb7\xe3\x81\x86\xe3\x81\xae\xe6\xa5\xbd\xe3\x81\x97\xe3\x81\xbf\xe3\x81\xaa\xe3\x81\x90\xe3\x82\x89\xe3\x81\x84\xe3\x80\x82 \xe3\x81\xbe\xe3\x81\x82\xe3\x80\x81\xe6\xad\xbb\xe3\x81\xab\xe3\x81\x8b\xe3\x81\x91\xe3\x81\xae\xe3\x83\x90\xe3\x83\x83\xe3\x83\x86\xe3\x83\xaa\xe3\x83\xbc\xe3\x81\xa8\xe3\x82\xaa\xe3\x82\xb5\xe3\x83\xa9\xe3\x83\x90\xe3\x81\xa7\xe3\x81\x8d\xe3\x81\x9f\xe3\x81\xae\xe3\x81\xaf\xe8\x89\xaf\xe3\x81\x8b\xe3\x81\xa3\xe3\x81\x9f\xe3\x80\x82 \xe3\x82\x82\xe3\x81\x86\xe5\x89\x8d\xe3\x81\xae\xe6\xa9\x9f\xe7\xa8\xae\xe3\x81\xaf\xe3\x82\xb2\xe3\x83\xbc\xe3\x83\xa0\xe8\xb5\xb7\xe5\x8b\x95\xe3\x81\x97\xe3\x81\x9f\xe3\x82\x89\xe9\x9b\xbb\xe6\xba\x90\xe8\x90\xbd\xe3\x81\xa1\xe3\x81\xa1\xe3\x82\x83\xe3\x81\xa3\xe3\x81\xa6\xe3\x81\x9f\xe3\x81\x8b\xe3\x82\x89\xe2\x80\xa6'
2018-10-29 23:59:10+00:00,Gustavolins07,0,0,b'Nem tem pra iPhone tnc'
2018-10-29 23:59:09+00:00,iTunescardgets,0,0,b'iTunes\xe3\x82\xae\xe3\x83\x95\xe3\x83\x88\xe3\x82\xab\xe3\x83\xbc\xe3\x83\x89\xe3\x81\xafiPad\xe3\x82\x84iPhone\xe3\x81\xaa\xe3\x81\xa9\xe3\x81\xab\xe3\x81\xbe\xe3\x81\xa3\xe3\x81\x9f\xe3\x81\x8f\xe7\xb8\x81\xe3\x81\x8c\xe3\x81\xaa\xe3\x81\x84\xe3\x81\xa8\xe3\x81\x84\xe3\x81\x86\xe4\xba\xba\xe3\x81\xa7\xe3\x81\x99\xe3\x81\xa8\xe5\xae\x9d\xe3\x81\xae\xe6\x8c\x81\xe3\x81\xa1\xe8\x85\x90\xe3\x82\x8c\xe3\x81\xab\xe3\x81\xaa\xe3\x81\xa3\xe3\x81\xa6\xe3\x81\x97\xe3\x81\xbe\xe3\x81\x84\xe3\x81\xbe\xe3\x81\x99\xe3\x81\x8c\xe3\x80\x81\xe3\x81\x9d\xe3\x81\x86\xe3\x81\xa7\xe3\x81\xaa\xe3\x81\x84\xe4\xba\xba\xe3\x81\xab\xe3\x81\xa8\xe3\x81\xa3\xe3\x81\xa6\xe3\x81\xaf\xe3\x81\xa8\xe3\x81\xa6\xe3\x82\x82\xe5\xbd\xb9\xe7\xab\x8b\xe3\x81\xa4\xe8\xb2\xb4\xe9\x87\x8d\xe5\x93\x81\xe3\x81\xa7\xe3\x81\x99\xe3\x80\x82'
2018-10-29 23:59:08+00:00,f_bianprado,0,3,b'so snapchat just isnt gonna update their camera for the iphone xs max huh? pic.twitter.com/u6iYbABrRu'
2018-10-29 23:59:06+00:00,GValle69,0,0,b'No le funciona porque los comunistas de iphone son ateos https://twitter.com/Sarita98881793/status/1056711857581494272 \xe2\x80\xa6'
2018-10-29 23:59:06+00:00,anazpaula,0,2,b'veeeei n sabia que Iphone era uma organiza\xc3\xa7\xc3\xa3o econ\xc3\xb4mica omg'
2018-10-29 23:59:05+00:00,AustinMSlingers,0,0,b'#TopNewsNow Camera Comparison: iPhone XR vs. iPhone XS Max https://ift.tt/2SqUbvY #SlingerTactic'
2018-10-29 23:59:04+00:00,masamasa1475,0,0,b'\xe3\x83\xa2\xe3\x82\xa4\xef\xbc\x81iPhone\xe3\x81\x8b\xe3\x82\x89\xe3\x82\xad\xe3\x83\xa3\xe3\x82\xb9\xe9\x85\x8d\xe4\xbf\xa1\xe4\xb8\xad - https://cas.st/1e0109da'
2018-10-29 23:59:04+00:00,usutayasusshi,0,0,b'iPhone\xe3\x81\xae\xe9\x9b\xbb\xe6\xba\x90\xe3\x81\x8c\xe3\x81\xa4\xe3\x81\x8b\xe3\x81\xaa\xe3\x81\x8f\xe3\x81\xaa\xe3\x82\x8a\xe3\x81\xbe\xe3\x81\x97\xe3\x81\x9f\xe3\x80\x82 LINE\xe3\x81\xa8\xe9\x9b\xbb\xe8\xa9\xb1\xe3\x81\x8c\xe4\xbd\xbf\xe3\x81\x88\xe3\x81\xbe\xe3\x81\x9b\xe3\x82\x93m(_ _)m \xe6\x98\x8e\xe6\x97\xa5\xe5\xbe\xa9\xe6\x97\xa7\xe4\xba\x88\xe5\xae\x9a\xe3\x81\xa7\xe3\x81\x99\xe3\x81\x8c\xe3\x80\x81\xe7\xb7\x8a\xe6\x80\xa5\xe3\x81\x82\xe3\x82\x8a\xe3\x81\xbe\xe3\x81\x97\xe3\x81\x9f\xe3\x82\x89DM\xe3\x81\xa7\xe3\x81\x8a\xe9\xa1\x98\xe3\x81\x84\xe3\x81\x97\xe3\x81\xbe\xe3\x81\x99\xe3\x80\x82'
2018-10-29 23:59:03+00:00,boulettashop,0,0,"b'Bouletta Multicase Taupe iPhone 7 75,00 z\xc5\x82 https://bouletta-shop.pl/pl/iphone-7/99-bouletta-multicase-taupe-iphone-7.html \xe2\x80\xa6pic.twitter.com/git3uBFVEN'"
2018-10-29 23:59:03+00:00,happy4u_info,0,0,b'iPhoneX 8 7 6S 6\xe5\x85\x85\xe9\x9b\xbb2.4A\xe3\x80\x81\xe3\x83\x87\xe3\x83\xbc\xe3\x82\xbf\xe8\xbb\xa2\xe9\x80\x81\xe7\x94\xa8\xe3\x80\x82iOS11\xe5\xaf\xbe\xe5\xbf\x9c\xe6\xb8\x88\xe3\x81\xbf\xe3\x80\x82\xe3\x81\x8a\xe3\x81\x97\xe3\x82\x83\xe3\x82\x8c\xe3\x81\xaa\xe3\x83\x8a\xe3\x82\xa4\xe3\x83\xad\xe3\x83\xb3\xe7\xb4\xa0\xe6\x9d\x90\xe3\x80\x81\xe3\x82\xb3\xe3\x83\xbc\xe3\x83\x89\xe3\x81\xaf\xe3\x83\x8a\xe3\x82\xa4\xe3\x83\xad\xe3\x83\xb3\xe8\xa2\xab\xe6\x9c\x8d\xe3\x81\xa7\xe4\xbf\x9d\xe8\xad\xb7\xe3\x81\x95\xe3\x82\x8c\xe6\x96\xad\xe7\xb7\x9a\xe3\x81\x97\xe3\x81\xab\xe3\x81\x8f\xe3\x81\x84\xe3\x81\x97\xe3\x81\xaa\xe3\x82\x84\xe3\x81\x8b\xe3\x81\xaa\xe3\x81\xa4\xe3\x81\x8f\xe3\x82\x8a\xe3\x81\xaeUSB\xe3\x82\xb1\xe3\x83\xbc\xe3\x83\x96\xe3\x83\xab\xe3\x81\xa7\xe3\x81\x99\xe3\x80\x82\xe3\x83\xa1\xe3\x83\xbc\xe3\x83\xab\xe4\xbe\xbf\xe3\x81\xa7\xe3\x81\x8a\xe5\xb1\x8a\xe3\x81\x91\xe3\x81\x97\xe3\x81\xbe\xe3\x81\x99\xef\xbc\x88\xe9\x80\x81\xe6\x96\x99\xe7\x84\xa1\xe6\x96\x99\xef\xbc\x89 23 https://shop.siestarea.com/shop.cgi?class=2 \xe2\x80\xa6pic.twitter.com/svun3QZPa1'
2018-10-29 23:59:02+00:00,yu_ma1960,0,0,b'\xe6\x95\xb0\xe6\x97\xa5\xe5\x89\x8d\xe3\x81\xab\xe6\x9c\xad\xe9\xa7\x85\xe3\x82\x92\xe3\x82\xb9\xe3\x83\x9e\xe3\x83\x9b\xe3\x81\xa7\xe6\x92\xae\xe5\xbd\xb1\xe3\x81\x97\xe3\x81\x9f\xe3\x81\x91\xe3\x81\xa9\xe3\x80\x81\xe6\x98\x94\xe4\xbd\xbf\xe3\x81\xa3\xe3\x81\xa6\xe3\x81\x9f\xe3\x82\xb3\xe3\x83\xb3\xe3\x83\x87\xe3\x82\xb8\xe3\x82\x88\xe3\x82\x8aiPhone\xe3\x81\xae\xe3\x81\xbb\xe3\x81\x86\xe3\x81\x8c\xe7\x94\xbb\xe8\xb3\xaa\xe8\x89\xaf\xe3\x81\x84\xe3\x81\xae\xe3\x81\xad pic.twitter.com/gbVVZcxQBf'
2018-10-29 23:59:02+00:00,sskkut,0,0,b'\xe9\xa1\x94\xe6\xad\xbb\xe3\x81\xab\xe3\x81\x99\xe3\x81\x8e\xe3\x81\xa6iPhone\xe3\x81\x8c\xe6\x8c\x81\xe3\x81\xa1\xe4\xb8\xbb\xe3\x81\xa0\xe3\x81\xa8\xe8\xaa\x8d\xe8\xad\x98\xe3\x81\x97\xe3\x81\xa6\xe3\x81\x8f\xe3\x82\x8c\xe3\x81\xaa\xe3\x81\x84\xe3\x80\x82'
2018-10-29 23:59:02+00:00,OsniPaulo,0,2,b'troquei de icon pra combinar com meu iPhone @igormendonca42'
2018-10-29 23:59:02+00:00,skywalka02,0,0,b'I swear i want a iPhone with a galaxy look.'
2018-10-29 23:58:58+00:00,souzetu_purasu,0,0,b'\xe3\x80\x90 #\xe3\x83\x86\xe3\x83\xac\xe3\x83\x93CM\xe6\x94\xbe\xe6\x98\xa0\xe4\xb8\xad \xef\xbc\x81\xe3\x80\x91 \xe5\x85\xa8\xe5\x9b\xbd12\xe4\xb8\x87\xe4\xba\xba\xe8\xb6\x85\xe3\x81\xae\xe4\xbd\x9c\xe5\xae\xb6\xe3\x83\x87\xe3\x82\xb6\xe3\x82\xa4\xe3\x83\x8a\xe3\x83\xbc\xe3\x81\x8b\xe3\x82\x89\xe3\x80\x81\xe3\x83\x8f\xe3\x83\xb3\xe3\x83\x89\xe3\x83\xa1\xe3\x82\xa4\xe3\x83\x89\xe3\x81\xae\xe4\xbd\x9c\xe5\x93\x81\xe3\x82\x92\xe7\x9b\xb4\xe6\x8e\xa5\xe8\xb3\xbc\xe5\x85\xa5\xe3\x81\xa7\xe3\x81\x8d\xe3\x82\x8b #Creema \xe3\x80\x82 #\xe3\x82\xa2\xe3\x82\xaf\xe3\x82\xbb\xe3\x82\xb5\xe3\x83\xaa\xe3\x83\xbc #\xe3\x83\x90\xe3\x83\x83\xe3\x82\xb0 #\xe3\x82\xb5\xe3\x82\xa4\xe3\x83\x95 #\xe3\x82\xa4\xe3\x83\xb3\xe3\x83\x86\xe3\x83\xaa\xe3\x82\xa2\xe9\x9b\x91\xe8\xb2\xa8 #iPhone #\xe3\x82\xb9\xe3\x83\x9e\xe3\x83\x9b\xe3\x82\xb1\xe3\x83\xbc\xe3\x82\xb9 \xe3\x81\xaa\xe3\x81\xa9\xe3\x82\x92\xe3\x81\xaf\xe3\x81\x98\xe3\x82\x81\xe3\x81\xa8\xe3\x81\x99\xe3\x82\x8b\xe3\x80\x81500\xe4\xb8\x87\xe7\x82\xb9\xe4\xbb\xa5\xe4\xb8\x8a\xe3\x81\xae\xe4\xb8\x80\xe7\x82\xb9\xe7\x89\xa9 #\xe3\x82\xa2\xe3\x82\xa4\xe3\x83\x86\xe3\x83\xa0 \xe3\x81\x8c #\xe5\x87\xba\xe5\x93\x81\xe4\xb8\xad \xef\xbc\x81http://playapp.me/017496883'
2018-10-29 23:58:55+00:00,TerryIsSevenTwo,0,0,b'This new iPhone thurl'
2018-10-29 23:58:53+00:00,azael_marlon,0,0,b'#Rayito 3.0 quiero un iPhone bro plox. Cuando ser\xc3\xa1 el sorteo m\xc3\xa1quina.'
2018-10-29 23:58:51+00:00,iRFKushiro,0,0,b'iPhone\xe3\x81\xae\xe3\x82\xbf\xe3\x83\x83\xe3\x83\x81\xe3\x83\x91\xe3\x83\x8d\xe3\x83\xab\xe3\x81\x8c\xe6\xb5\xae\xe3\x81\x84\xe3\x81\xa6\xe3\x81\x8d\xe3\x81\x9f\xef\xbc\x81\xe4\xbf\xae\xe7\x90\x86\xe3\x81\xa7\xe7\x9b\xb4\xe3\x82\x8b\xe3\x81\x8b\xe3\x81\xaa\xef\xbc\x9f\xe7\xad\x89\xe3\x81\xa8\xe3\x81\x84\xe3\x81\xa3\xe3\x81\x9f\xe3\x81\x94\xe7\x9b\xb8\xe8\xab\x87\xe3\x81\xa9\xe3\x82\x93\xe3\x81\xa9\xe3\x82\x93\xe3\x81\x94\xe9\x80\xa3\xe7\xb5\xa1\xe3\x81\x8f\xe3\x81\xa0\xe3\x81\x95\xe3\x81\x84\xe3\x80\x81\xe3\x81\x8a\xe8\xa6\x8b\xe7\xa9\x8d\xe3\x82\x82\xe3\x82\x8a\xe8\x87\xb4\xe3\x81\x97\xe3\x81\xbe\xe3\x81\x99\xe3\x80\x82\xe8\xa9\xb3\xe3\x81\x97\xe3\x81\x8f\xe3\x81\xaf https://www.facebook.com/iRFkushiro \xe3\x82\x84\xe3\x80\x81\xe9\x9b\xbb\xe8\xa9\xb10154-39-7777 \xe3\x81\xbe\xe3\x81\xa7\xe3\x81\x94\xe9\x80\xa3\xe7\xb5\xa1\xe3\x81\x8f\xe3\x81\xa0\xe3\x81\x95\xe3\x81\x84\xe3\x80\x82 iPhone\xe4\xbf\xae\xe7\x90\x86\xe5\xb7\xa5\xe6\x88\xbf\xe9\x87\xa7\xe8\xb7\xaf\xe5\xba\x97'
2018-10-29 23:58:51+00:00,dieyobboooo,0,0,b'\xe3\x81\xbe\xe3\x82\xa1\xe8\xb2\xb7\xe3\x81\xa3\xe3\x81\x9f\xe3\x81\x82\xe3\x81\xa8\xe3\x81\xab\xe3\x81\xa9\xe3\x81\x86\xe3\x81\x99\xe3\x82\x8b\xe3\x81\x8b\xe3\x81\xaf\xe6\x9c\xac\xe4\xba\xba\xe3\x81\xae\xe8\x87\xaa\xe7\x94\xb1\xe3\x81\xa0\xe3\x81\x8b\xe3\x82\x89\xe2\x80\xa6 \xe7\xb5\x90\xe5\xb1\x80iPhone\xe6\x8c\x81\xe3\x81\xa3\xe3\x81\xa6\xe3\x82\x8c\xe3\x81\xb0\xe3\x81\x9d\xe3\x82\x8c\xe3\x81\xa7\xe4\xba\x8b\xe8\xb6\xb3\xe3\x82\x8a\xe3\x81\xa1\xe3\x82\x83\xe3\x81\x86\xe3\x82\x93\xe3\x81\xa0\xe3\x81\xaa\xe3\x80\x82\xe3\x83\xaf\xe3\x82\xa4\xe3\x81\xafiPhone\xe3\x81\x84\xe3\x82\x89\xe3\x82\x93\xe3\x81\x8b\xe3\x82\x89iPad\xe6\xac\xb2\xe3\x81\x97\xe3\x81\x84\xe3\x82\x8f'
2018-10-29 23:58:50+00:00,PideloRapido,0,0,"b'\xc2\xa1El 11.11 ya est\xc3\xa1 cerca! Comienza a pedir este cargador de iPhone X de #Aliexpress. Para pedir, sigue estos pasos: 1. Copia el enlace de este cable: https://prdo.me/2zdTFZx 2. P\xc3\xa9galo en nuestro cotizador: https://prdo.me/2PJWiIY 3. Ingresa la informaci\xc3\xb3n del producto y P\xc3\xaddelo.pic.twitter.com/Jbxsbp5PsB'"
2018-10-29 23:58:48+00:00,thebolloh,0,0,b'Viciate a Fortnite en tu iPhone X mientras vuelves Buen viaje <3'
2018-10-29 23:58:48+00:00,zczbob,3,5,b'Finding the best #indie #rock for you! ZipCodeZero on air right now! Web http://bit.ly/1h9Sb0W Mobile #Android https://goo.gl/cpdz8D #iPhone https://goo.gl/C1ZpBk #BlackBerry https://goo.gl/T1XFQt pic.twitter.com/HqcnK3O28b'
2018-10-29 23:58:45+00:00,kick2128,0,1,b'\xe3\x83\x86\xe3\x83\xac\xe3\x83\x93\xe3\x81\xa7\xe3\x82\xa8\xe3\x82\xa2\xe3\x83\x89\xe3\x83\xad\xe3\x83\x83\xe3\x83\x97\xe7\x97\xb4\xe6\xbc\xa2\xe3\x81\xae\xe3\x81\xaf\xe3\x81\xaa\xe3\x81\x97\xe3\x80\x82iPhone\xe3\x81\xae\xe5\x90\x8d\xe5\x89\x8d\xe3\x82\x92\xe6\x9c\xac\xe5\x90\x8d\xe3\x81\xab\xe3\x81\x97\xe3\x81\xa6\xe3\x82\x8b\xe3\x81\x8b\xe3\x82\x89\xe5\x90\x8d\xe5\x89\x8d\xe3\x81\x8c\xe3\x83\x90\xe3\x83\xac\xe3\x81\x9f\xe3\x81\x8b\xe5\xbf\x83\xe9\x85\x8d\xe3\x81\xa8\xe3\x81\x8b\xe3\x80\x81\xe3\x81\x9d\xe3\x81\x86\xe3\x81\x84\xe3\x81\x86\xe3\x81\x93\xe3\x81\xa8\xe3\x81\xaa\xe3\x82\x89\xe7\xa7\x81\xe3\x81\xaf\xe5\xb8\xb8\xe6\x99\x82\xe3\x82\xb3\xe3\x83\xbc\xe3\x83\xab\xe3\x82\xb5\xe3\x82\xa4\xe3\x83\xb3\xe9\x80\x81\xe5\x87\xba\xe3\x81\x97\xe3\x81\xa6\xe3\x82\x8b\xe3\x82\x8f^_^'
2018-10-29 23:58:45+00:00,mariaaajade,0,0,b'ABAAAA BUTI DI SYA NALOWBAT KASI IPHONE SYAA HAHSHAHA'
2018-10-29 23:58:44+00:00,tono_lions,0,0,b'\xe3\x83\xaf\xe3\x82\xa4\xe3\x81\xaeiPhone\xe3\x80\x81\xe6\xb6\x88\xe3\x81\x97\xe5\xbf\x98\xe3\x82\x8c\xe3\x81\xa6\xe3\x81\x9f\xe3\x80\x8c\xe6\x97\xa5\xe3\x82\xb7\xe3\x83\xaa \xe7\x8f\xbe\xe5\x9c\xb0\xe3\x80\x8d\xe3\x82\x92\xe3\x82\xb9\xe3\x82\xb1\xe3\x82\xb8\xe3\x83\xa5\xe3\x83\xbc\xe3\x83\xab\xe3\x82\x92\xe9\x80\x9a\xe7\x9f\xa5\xe3\x81\x97\xe3\x81\xa6\xe3\x81\x8d\xe3\x81\xa6\xe8\xbe\x9b\xe3\x81\x84\xe3\x81\xa7\xe3\x81\x99\xe3\x80\x82'
2018-10-29 23:58:43+00:00,TheDonutDiggers,0,0,b'I liked a @YouTube video http://youtu.be/6gTTZB7yyDA?a iPhone for the win kentpoollive!'
2018-10-29 23:58:42+00:00,EMadisen,0,0,"b'If you have headphones with this jack, the last phone Apple made that would use this is the 6s & 6s plus. If you have Bluetooth headphones, you\xe2\x80\x99re good with the XS. Idk if your iPhone doubles as your workout music mate(mine does) pic.twitter.com/GqPlBVQwRN'"
2018-10-29 23:58:41+00:00,androideventsus,0,0,"b'Native Union SMART Charger \xe2\x80\x93 Slim 2-Port Foldable USB-A Universal Wall Charger with Smart IC Technology \xe2\x80\x93 Quick Charging for iPhone, iPad, Smartphones and Tablets (Slate/Fabric) https://androidevents.com/native-union-smart-charger-slim-2-port-foldable-usb-a-universal-wall-charger-with-smart-ic-technology-quick-charging-for-iphone-ipad-smartphones-and-tablets-slate-fabric/ \xe2\x80\xa6pic.twitter.com/sRrEiXkozp'"
2018-10-29 23:58:39+00:00,AndreeaRamirezV,1,1,b'\xc2\xbfQu\xc3\xa9 tan triste es tu vida para que te creas superior por tener un iPhone?'
2018-10-29 23:58:38+00:00,reikun_daisuki,0,0,b'\xe3\x81\x82\xe3\x82\x8c\xe3\x81\x8b\xe3\x81\xaa\xef\xbc\x9fiPhone OS \xe8\x87\xaa\xe4\xbd\x93\xe3\x82\xa2\xe3\x83\x97\xe3\x83\x87\xe3\x81\x97\xe3\x81\xa6\xe3\x81\xaa\xe3\x81\x84\xe3\x81\x8b\xe3\x82\x89\xe4\xbb\x96\xe3\x81\xae\xe3\x82\xa2\xe3\x83\x97\xe3\x83\xaa\xe3\x81\xab\xe6\x94\xaf\xe9\x9a\x9c\xe3\x81\xa7\xe3\x81\xa6\xe3\x82\x93\xe3\x81\xae\xe3\x81\x8b\xe3\x81\xaa\xef\xbc\x9f\xe3\x81\x9d\xe3\x82\x93\xe3\x81\xaa\xe6\xb0\x97\xe3\x81\x8c\xe3\x81\x97\xe3\x81\xa6\xe6\x9d\xa5\xe3\x81\x9f'
2018-10-29 23:58:38+00:00,teecases,0,0,"b'Brienne speck ipad mini case, iPhone cases, Samsung case | http://teecases.com - awe ... https://teecases.com/awesome-phone-cases/brienne-speck-ipad-mini-case-iphone-cases-samsung-case/ \xe2\x80\xa6pic.twitter.com/gX3OkvofuJ'"
2018-10-29 23:58:37+00:00,luanfreiire,0,0,b'S\xc3\xb3 de pensar em jogar Free Fire a bateria do IPhone vai pra 20%'
2018-10-29 23:58:34+00:00,dwish226,0,1,b'AirDrop\xe7\x97\xb4\xe6\xbc\xa2\xe3\x81\x8c\xe5\x95\x8f\xe9\xa1\x8c\xe3\x81\xab\xe3\x81\xaa\xe3\x81\xa3\xe3\x81\xa6\xe3\x82\x8b\xe3\x81\x91\xe3\x81\xa9\xe3\x80\x81iPhone\xe5\x90\x8c\xe5\xa3\xab\xe3\x81\x98\xe3\x82\x83\xe3\x81\xaa\xe3\x81\x84\xe3\x81\xa8\xe5\x87\xba\xe6\x9d\xa5\xe3\x81\xaa\xe3\x81\x84\xe3\x81\x97\xe3\x80\x81\xe8\xa6\x81\xe3\x81\xafiPhone\xe4\xbd\xbf\xe3\x82\x8f\xe3\x81\xaa\xe3\x81\x8d\xe3\x82\x83\xe3\x81\x84\xe3\x81\x84\xe3\x82\x93\xe3\x81\x98\xe3\x82\x83\xe3\x81\xad\xe3\x81\xa8\xe6\x80\x9d\xe3\x81\xa3\xe3\x81\x9f\xe3\x80\x82Huawei nova\xe3\x81\xa8\xe3\x81\x8bZenfone\xe3\x81\xab\xe3\x81\x97\xe3\x82\x88\xe3\x81\x86\xe3\x82\x88\xe3\x80\x82\xe3\x82\xab\xe3\x83\x83\xe3\x82\xb3\xe3\x81\x84\xe3\x81\x84\xe3\x81\x97'
2018-10-29 23:58:32+00:00,MrVendetta420,0,0,"b'Everyone who complaining for the jug are just like the people who was complaining to Apple when the iPhone 7 had no headphone jack, like hey there are other ways to listen to music and play games'"
2018-10-29 23:58:29+00:00,bosersss,0,0,"b'Totally free, no registration required, and very easy to use! Check Filmora Meme Maker here http://filmora.wondershare.com/meme-maker/ and win an iPhone Xs! https://filmora.wondershare.com/meme-maker/ #filmoramememaker #winiphonexs'"
2018-10-29 23:58:26+00:00,Kevin94727641,0,0,b'No me deja descargar la app(Soy Iphone)'
2018-10-29 23:58:24+00:00,otokisan_bebe,0,0,b'\xe3\x82\x8f\xe3\x81\x81\xe3\x80\x81\xe3\x81\x9d\xe3\x82\x8c\xe3\x81\xaf\xe3\x83\x86\xe3\x83\xb3\xe3\x82\xb7\xe3\x83\xa7\xe3\x83\xb3\xe4\xb8\x8a\xe3\x81\x8c\xe3\x82\x8b\xe3\x81\xad\xe3\x83\xbc\xef\xbc\x81\xef\xbc\x81\xef\xbc\x81iPhone\xe5\x90\x8c\xe5\xa3\xab\xe3\x81\xaa\xe3\x82\x89AirDrop\xe3\x81\xa7\xe3\x83\xa2\xe3\x83\x8d\xe3\x82\xaf\xe7\x94\xbb\xe5\x83\x8f\xe9\x80\x81\xe3\x82\x8a\xe4\xbb\x98\xe3\x81\x91\xe3\x81\x9f\xe3\x81\x84\xe4\xba\x8b\xe6\xa1\x88\xef\xbc\x88\xe7\xac\x91\xef\xbc\x89'
2018-10-29 23:58:23+00:00,docomo_nakaotai,1,0,b'\xe3\x80\x90\xe6\x96\xb0\xe8\xa6\x8f\xe3\x80\x81MNP\xe3\x80\x91iphone8 Android \xe4\xb8\x80\xe6\x8b\xac?\xe5\x86\x86\xef\xbc\x81\xef\xbc\x81\xef\xbc\x81\xe6\x96\xb0\xe8\xa6\x8f\xe3\x82\xad\xe3\x83\x83\xe3\x82\xba\xe3\x82\xb1\xe3\x83\xbc\xe3\x82\xbf\xe3\x82\xa4\xe4\xb8\x80\xe6\x8b\xac0\xe5\x86\x86\xe5\x90\x845\xe5\x8f\xb0\xe9\x99\x90\xe5\xae\x9a10/31\xe3\x81\xbe\xe3\x81\xa7 \xe8\xa9\xb3\xe3\x81\x97\xe3\x81\x8f\xe3\x81\xaf 08026525459 \xe3\x81\x8a\xe9\x9b\xbb\xe8\xa9\xb1\xe4\xb8\x8b\xe3\x81\x95\xe3\x81\x84\xe3\x80\x82 #MNP #\xe4\xb8\x80\xe6\x8b\xac #0\xe5\x86\x86 #\xe3\x83\x89\xe3\x82\xb3\xe3\x83\xa2 #\xe5\x90\x8d\xe5\x8f\xa4\xe5\xb1\x8b #iphone #Android #\xe3\x82\xa2\xe3\x83\xb3\xe3\x83\x89\xe3\x83\xad\xe3\x82\xa4\xe3\x83\x89 #\xe3\x81\xae\xe3\x82\x8a\xe3\x81\x8b\xe3\x81\x88'
2018-10-29 23:58:23+00:00,Dealerei_de,0,0,b'Display-Reparatur f\xc3\xbcr iPhone oder Glasreperatur f\xc3\xbcr Samsung Modelle bei Mein Iphone Shop (bis zu 55% sparen*) - https://dealerei.de/deal/display-reparatur-fuer-iphone-oder-glasreperatur-fuer-samsung-modelle-bei-mein-iphone-shop-bis-zu-55-sparen/ \xe2\x80\xa6pic.twitter.com/FTByiAYO8E'
2018-10-29 23:58:22+00:00,futureworldhub1,0,0,"b'https://ift.tt/2yHYVVJ long last, pet portraits with background blur are possible on the iPhone XR pic.twitter.com/YIMdNNXWuw'"
2018-10-29 23:58:22+00:00,akismabay27,0,0,b'\xe3\x81\x82\xe3\x80\x81\xe3\x81\x94\xe3\x82\x81\xe3\x82\x93\xe5\x90\x9b\xe3\x81\x82\xe3\x81\xae(\xe3\x82\xaf\xe3\x82\xbd)iPhone\xe3\x81\xa0\xe3\x81\xa3\xe3\x81\x91\xef\xbc\x9f \xe3\x81\x93\xe3\x81\xa3\xe3\x81\xa1\xe3\x81\xafAndroid\xe3\x81\xaa\xe3\x82\x93\xe3\x81\xa0\xe3\x82\x88'
2018-10-29 23:58:19+00:00,mac_daniel_,0,0,b'Camera Comparison: iPhone XR vs. iPhone XS Max. I Hate Everything.'
2018-10-29 23:58:15+00:00,PageInformation,0,3,b'iOS 12.1 brings Group FaceTime and new emoji to iPhone and iPad - Apple Newsroom https://apple.news/Ap4iCTA1PQpqlheE-650pcw \xe2\x80\xa6'
2018-10-29 23:58:15+00:00,c4_Anony,0,0,b'\xe3\x80\x90\xe5\xae\x8c\xe5\x85\xa8\xe7\x89\x88\xe3\x80\x91\xe3\x82\xa2\xe3\x83\x83\xe3\x83\x97\xe3\x83\xab\xe9\x9d\x9e\xe5\x85\xac\xe9\x96\x8b\xe3\x80\x8eiPhone\xe3\x80\x8f\xe3\x81\xae\xe9\x9a\xa0\xe3\x81\x97\xe3\x82\xb3\xe3\x83\x9e\xe3\x83\xb3\xe3\x83\x89\xe5\x85\xa8\xe9\x83\xa8\xe8\xa6\x8b\xe3\x81\x9b\xe3\x81\xbe\xe3\x81\x99\xef\xbc\x81 \xe3\x83\x90\xe3\x83\x83\xe3\x83\x86\xe3\x83\xaa\xe5\xaf\xbf\xe5\x91\xbd\xe3\x81\x8c\xe3\x81\xae\xe3\x81\xb3\xe3\x82\x8b\xe3\x82\xb3\xe3\x83\x9e\xe3\x83\xb3\xe3\x83\x89\xe3\x82\x82\xe3\x82\xa2\xe3\x83\xaa http://rocketnews24.com/2010/08/07/424 \xe2\x80\xa6'
2018-10-29 23:58:14+00:00,sendai_jyouhou,0,0,b'iPhone XS Max\xe3\x81\xae\xe5\xa5\xbd\xe8\xaa\xbf\xe3\x81\xa7iPhone\xe3\x81\xae\xe5\xb9\xb3\xe5\x9d\x87\xe8\xb2\xa9\xe5\xa3\xb2\xe4\xbe\xa1\xe6\xa0\xbc\xe3\x81\xaf9\xe4\xb8\x87\xe5\x86\x86\xe8\xbf\x91\xe3\x81\x8f\xe3\x81\xab\xe3\x81\xaa\xe3\x82\x8b\xe3\x81\x8b \xe2\x80\x93 iPhone Mania http://piyo2.mobi/entertainment/iphone-xs-max%e3%81%ae%e5%a5%bd%e8%aa%bf%e3%81%a7iphone%e3%81%ae%e5%b9%b3%e5%9d%87%e8%b2%a9%e5%a3%b2%e4%be%a1%e6%a0%bc%e3%81%af9%e4%b8%87%e5%86%86%e8%bf%91%e3%81%8f%e3%81%ab%e3%81%aa%e3%82%8b%e3%81%8b.html \xe2\x80\xa6'
2018-10-29 23:58:13+00:00,Amaeja_203,0,1,b'\xe3\x82\xa8\xe3\x83\xa1\xe3\x81\xae\xe6\x9b\xb2\xe3\x81\xae\xe6\x8c\x81\xe3\x81\xa4\xe7\xa9\xba\xe6\xb0\x97\xe6\x84\x9f\xe3\x81\x84\xe3\x81\x84\xe3\x81\xa7\xe3\x81\x99\xe3\x82\x88\xe3\x81\xad\xe3\x83\xbcMidnightSun\xe3\x81\xafiPhone\xe3\x81\xab\xe5\x85\xa5\xe3\x82\x8c\xe3\x81\xa6\xe3\x81\x9f\xe3\x81\xae\xe3\x81\xab\xe6\x98\x9f\xe3\x81\xae\xe9\x99\x8d\xe3\x82\x8b\xe5\xa4\x9c\xe3\x81\xab\xe5\x85\xa8\xe7\x84\xb6\xe8\x81\xb4\xe3\x81\x84\xe3\x81\xa6\xe3\x81\xaa\xe3\x81\x8b\xe3\x81\xa3\xe3\x81\x9f\xe3\x81\xa7\xe3\x81\x99\xe3\x80\x8c\xe6\x98\x9f\xe3\x81\x8c\xe6\xb6\x88\xe3\x81\x88\xe3\x81\x9f\xe7\xa9\xba\xe3\x82\x88\xe3\x82\x8a\xe9\x9a\xa3\xe3\x82\x92\xe8\xa6\x8b\xe3\x81\xa6\xe3\x82\x88 \xe6\xb0\x97\xe3\x81\xa5\xe3\x81\x84\xe3\x81\xa6\xe3\x80\x8d\xe3\x81\xae\xe3\x81\xa8\xe3\x81\x93\xe3\x82\x8d\xe3\x81\xab\xe3\x82\xb0\xe3\x83\x83\xe3\x81\xa8\xe6\x9d\xa5\xe3\x81\xa1\xe3\x82\x83\xe3\x81\x84\xe3\x81\xbe\xe3\x81\x97\xe3\x81\x9f\xe3\x81\x93\xe3\x82\x8c\xe3\x81\xaf\xe7\x8c\xaa\xe9\x89\x84\xe3\x82\xbd\xe3\x83\xb3\xe3\x82\xb0\xe3\x81\xa0\xe3\x83\xbc\xe8\x8a\xb1\xe3\x81\xae\xe5\x94\x84\xe3\x81\xaf\xe3\x83\xad\xe3\x82\xa4\xe3\x81\xa8\xe3\x83\x9f\xe3\x83\x83\xe3\x82\xbf\xe3\x83\x9e\xe3\x81\xae\xe3\x83\x91\xe3\x83\xbc\xe3\x83\x88\xe3\x81\x8c\xe7\xb5\xa1\xe3\x81\xbf\xe5\x90\x88\xe3\x81\x86\xe3\x81\xae\xe3\x81\xa7\xe3\x83\xa4\xe3\x83\x90\xe3\x82\xa4\xe3\x81\xa7\xe3\x81\x99'
2018-10-29 23:58:13+00:00,kanrekiojbiz195,0,0,b'iPhone XS Max\xe3\x81\xae\xe5\xa5\xbd\xe8\xaa\xbf\xe3\x81\xa7iPhone\xe3\x81\xae\xe5\xb9\xb3\xe5\x9d\x87\xe8\xb2\xa9\xe5\xa3\xb2\xe4\xbe\xa1\xe6\xa0\xbc\xe3\x81\xaf9\xe4\xb8\x87\xe5\x86\x86\xe8\xbf\x91\xe3\x81\x8f\xe3\x81\xab\xe3\x81\xaa\xe3\x82\x8b\xe3\x81\x8b \xe2\x80\x93 iPhone Mania http://piyo2.mobi/entertainment/iphone-xs-max%e3%81%ae%e5%a5%bd%e8%aa%bf%e3%81%a7iphone%e3%81%ae%e5%b9%b3%e5%9d%87%e8%b2%a9%e5%a3%b2%e4%be%a1%e6%a0%bc%e3%81%af9%e4%b8%87%e5%86%86%e8%bf%91%e3%81%8f%e3%81%ab%e3%81%aa%e3%82%8b%e3%81%8b.html \xe2\x80\xa6'
2018-10-29 23:58:12+00:00,twno5twb1,0,0,b'iPhone XS Max\xe3\x81\xae\xe5\xa5\xbd\xe8\xaa\xbf\xe3\x81\xa7iPhone\xe3\x81\xae\xe5\xb9\xb3\xe5\x9d\x87\xe8\xb2\xa9\xe5\xa3\xb2\xe4\xbe\xa1\xe6\xa0\xbc\xe3\x81\xaf9\xe4\xb8\x87\xe5\x86\x86\xe8\xbf\x91\xe3\x81\x8f\xe3\x81\xab\xe3\x81\xaa\xe3\x82\x8b\xe3\x81\x8b \xe2\x80\x93 iPhone Mania http://piyo2.mobi/entertainment/iphone-xs-max%e3%81%ae%e5%a5%bd%e8%aa%bf%e3%81%a7iphone%e3%81%ae%e5%b9%b3%e5%9d%87%e8%b2%a9%e5%a3%b2%e4%be%a1%e6%a0%bc%e3%81%af9%e4%b8%87%e5%86%86%e8%bf%91%e3%81%8f%e3%81%ab%e3%81%aa%e3%82%8b%e3%81%8b.html \xe2\x80\xa6'
2018-10-29 23:58:12+00:00,michiro,0,4,"b'2016\xe5\xb9\xb4\xe3\x80\x81\xe5\x93\x81\xe5\xb7\x9d\xe5\x8c\xba\xe5\x8c\x97\xe5\x93\x81\xe5\xb7\x9d\xe3\x80\x82\xe5\x85\xab\xe3\x83\x84\xe5\xb1\xb1\xe6\xa9\x8b\xe3\x81\xae\xe9\x89\x84\xe6\xa9\x8b\xe3\x81\xa7\xe3\x82\xb4\xe3\x82\xb8\xe3\x83\xa9\xe3\x81\x95\xe3\x82\x93\xe3\x82\x92\xe5\xbe\x85\xe3\x81\xa3\xe3\x81\xa6\xe3\x81\xbf\xe3\x81\x9f\xe3\x81\x91\xe3\x81\xa9\xe3\x80\x81\xe3\x81\x93\xe3\x81\xae\xe6\x97\xa5\xe3\x81\xaf\xe6\x9d\xa5\xe3\x81\xaa\xe3\x81\x8b\xe3\x81\xa3\xe3\x81\x9f\xe3\x82\x89\xe3\x81\x97\xe3\x81\x84 iPhone 7, Snapseed pic.twitter.com/hsGus3VkQa'"
2018-10-29 23:58:10+00:00,Kazuto8z8,0,0,b'airdrop\xe7\x97\xb4\xe6\xbc\xa2\xe3\x81\xa8\xe3\x81\x8b \xe5\x88\x9d\xe3\x82\x81\xe3\x81\xa6\xe8\x81\x9e\xe3\x81\x84\xe3\x81\x9fww iPhone\xe3\x81\xab\xe3\x81\x9d\xe3\x82\x93\xe3\x81\xaa\xe6\xa9\x9f\xe8\x83\xbd\xe3\x81\x8c\xe3\x81\x82\xe3\x82\x8b\xe3\x81\xae\xe3\x82\x82 \xe7\x9f\xa5\xe3\x82\x89\xe3\x81\xaa\xe3\x81\x8b\xe3\x81\xa3\xe3\x81\x9fw'
2018-10-29 23:58:06+00:00,WanderSenvil,0,0,b'#Rayito deseo ganar un iPhone xs de los tuyo'
2018-10-29 23:58:05+00:00,fwckslim,0,2,"b'PEGA ESSA RESIST\xc3\x8aNCIA E SOCA NO CU DE VCS, PEGA ESSA HIPOCRISIA DE MERDA E ENFIA NO RABO. AS PESSOAS CANSARAM DESSA MERDA, O POVO QUIS MUDAN\xc3\x87A E AGORA VAI TER MUDAN\xc3\x87A QUEIRAM VCS OU N\xc3\x83O. Falar da merda de um iPhone deitado no sof\xc3\xa1 de 3 mil reais \xc3\xa9 f\xc3\xa1cil, viver o que um pobre +'"
2018-10-29 23:58:04+00:00,daigmiyu19,0,0,b'\xe3\x80\x90\xe9\x80\x9f\xe5\xa0\xb1\xe3\x80\x91 iPhone XS Max\xe3\x81\xae\xe5\xa5\xbd\xe8\xaa\xbf\xe3\x81\xa7iPhone\xe3\x81\xae\xe5\xb9\xb3\xe5\x9d\x87\xe8\xb2\xa9\xe5\xa3\xb2\xe4\xbe\xa1\xe6\xa0\xbc\xe3\x81\xaf9\xe4\xb8\x87\xe5\x86\x86\xe8\xbf\x91\xe3\x81\x8f\xe3\x81\xab\xe3\x81\xaa\xe3\x82\x8b\xe3\x81\x8b - iPhone Mania http://dlvr.it/QpvyX0 \xe6\xb0\x97\xe3\x81\xab\xe3\x81\xaa\xe3\x81\xa3\xe3\x81\x9f\xe3\x82\x89RT\xef\xbc\x81pic.twitter.com/evM0bmiY35'
2018-10-29 23:58:00+00:00,JohnAtMacMobile,0,0,b'RT @cultofmac: ICYMI: iPhone XR boasts bigger battery than Apple\xe2\x80\x99s flagship phone https://buff.ly/2SpjO04 by @edfromfreelance https://buff.ly/2Sn8tO5'
2018-10-29 23:57:59+00:00,ringoya_jinbo,0,1,b'iPhone\xe4\xbf\xae\xe7\x90\x86\xe3\x80\x90\xe3\x83\xaa\xe3\x83\xb3\xe3\x82\xb4\xe5\xb1\x8b \xe4\xb8\x89\xe7\x9c\x81\xe5\xa0\x82 \xe7\xa5\x9e\xe7\x94\xb0\xe7\xa5\x9e\xe4\xbf\x9d\xe7\x94\xba\xe5\xba\x97 \xe3\x80\x91 \xe7\xa5\x9e\xe4\xbf\x9d\xe7\x94\xba\xe3\x81\xa7\xe6\x9c\x80\xe9\x80\x9f\xef\xbc\x81 iPhone8&iPhone8Plus\xe7\x94\xbb\xe9\x9d\xa2\xe4\xbf\xae\xe7\x90\x86\xe5\x89\xb2\xe5\xbc\x95\xe4\xb8\xad\xef\xbc\x81 #\xe7\x94\xbb\xe9\x9d\xa2\xe5\x89\xb2\xe3\x82\x8c https://xn--iphone-ud0jpep927afpcgdx19cba.com/iphone\xe4\xbf\xae\xe7\x90\x86\xe7\xa5\x9e\xe7\x94\xb0\xe7\xa5\x9e\xe4\xbf\x9d\xe7\x94\xba.com 11\xe6\x99\x82\xef\xbd\x9e20\xe6\x99\x82\xe3\x81\xbe #iPhone\xe4\xbf\xae\xe7\x90\x86'
2018-10-29 23:57:57+00:00,amekarin,0,0,b'iPhone\xe6\x80\x96\xe3\x81\xa3(>_<)'
2018-10-29 23:57:57+00:00,micdonat11,0,0,b'iPhone XS\xe3\x81\xab\xe3\x81\xaa\xe3\x81\xa3\xe3\x81\xa6\xe9\x80\x9a\xe4\xbf\xa1\xe9\x87\x8f\xe3\x82\x84\xe3\x83\x90\xe3\x83\x83\xe3\x83\x86\xe3\x83\xaa\xe3\x83\xbc\xe6\xb6\x88\xe8\xb2\xbb\xe9\x87\x8f\xe3\x81\x8c\xe3\x81\x8b\xe3\x81\xaa\xe3\x82\x8a\xe6\xb8\x9b\xe3\x81\xa3\xe3\x81\x9f\xe3\x81\x97\xe3\x80\x81Apple Watch\xe3\x82\x82\xe6\x8c\x81\xe3\x81\xa3\xe3\x81\xa6\xe3\x82\x8b\xe3\x81\x8b\xe3\x82\x89\xe3\x80\x81\xe4\xb9\x85\xe3\x81\x97\xe3\x81\xb6\xe3\x82\x8a\xe3\x81\xab\xe3\x83\x9d\xe3\x82\xb1\xe3\x83\xa2\xe3\x83\xb3GO\xe3\x82\x92\xe3\x82\x84\xe3\x81\xa3\xe3\x81\xa6\xe3\x81\xbf\xe3\x82\x88\xe3\x81\x86\xe3\x81\x8b\xe3\x81\xa8 \xe4\xb8\x80\xe6\x97\xa5\xe3\x81\xa7\xe3\x82\x84\xe3\x82\x81\xe3\x82\x8b\xe3\x81\x8b\xe3\x82\x82\xe3\x81\x97\xe3\x82\x8c\xe3\x81\xaa\xe3\x81\x84\xe3\x81\x91\xe3\x81\xa9 pic.twitter.com/7zt8KXzL27'
2018-10-29 23:57:57+00:00,Nina44732237,0,0,b'vem em min Iphone Xs max https://twitter.com/LucasRanngel/status/1056973641651380224 \xe2\x80\xa6'
2018-10-29 23:57:55+00:00,marianaromero84,0,4,"b'se meus amigos fossem de verdade, algum deles me emprestaria um iphone..............to so anotando'"
2018-10-29 23:57:55+00:00,lexgabi,1,2,b'Carregador de iPhone \xc3\xa9 uma merda'
2018-10-29 23:57:54+00:00,crew605,0,0,b'iPhone\xe3\x81\xaf\xe7\x84\xa1\xe7\x90\x86\xe3\x81\xaa\xe3\x82\x93\xe3\x81\x8b\xe3\x81\xaa\xef\xbc\x9f \xe6\x99\xae\xe9\x80\x9a\xe3\x81\xab\xe5\x87\xba\xe6\x9d\xa5\xe3\x81\x9f\xe3\x82\x88\xe3\x80\x9c\xe2\x97\x8e'
2018-10-29 23:57:51+00:00,WanderSenvil,0,0,b'#Rayito deseo ganar un iPhone xs de los tuyo'
2018-10-29 23:57:50+00:00,paulycristo,7,28,b'new iphone got a camera that doesn\xe2\x80\x99t take videos it take #footages'
2018-10-29 23:57:50+00:00,Mitsuo_Me,0,0,b'Face ID\xe3\x81\x8c\xe7\xb3\x9e\xe3\x81\x99\xe3\x81\x8e\xe3\x82\x8b\xe3\x81\xae\xe3\x81\xa7\xe3\x81\x93\xe3\x82\x8ciPhone\xe3\x82\x82\xe3\x82\x84\xe3\x82\x8c https://twitter.com/cnet_japan/status/1057052469346222081 \xe2\x80\xa6'
2018-10-29 23:57:47+00:00,Teion_fc3s,0,0,b'\xe3\x80\x90\xe5\xae\x9a\xe6\x9c\x9f\xe3\x80\x91SoftBank\xe3\x82\xaf\xe3\x83\xac\xe3\x83\xbc\xe3\x83\x9e\xe3\x83\xbc\xe3\x81\xa7\xe3\x81\x99\xe3\x80\x82SoftBank\xe3\x81\xaeiPhone\xe3\x81\xa3\xe3\x81\xa6\xe4\xbd\xbf\xe3\x81\x84\xe3\x81\xab\xe3\x81\x8f\xe3\x81\x8f\xe3\x81\xaa\xe3\x81\x84\xe3\x81\xa7\xe3\x81\x99\xe3\x81\x8b\xef\xbc\x9f\xe7\xa7\x81\xe3\x81\xaf\xe3\x81\x93\xe3\x81\xae\xe3\x81\xbe\xe3\x81\xbe\xe3\x81\x98\xe3\x82\x83\xe5\xab\x8c\xe3\x81\xa7\xe3\x81\x99(T_T)\xe5\x8d\x94\xe5\x8a\x9b\xe3\x81\x97\xe3\x81\xa6\xe3\x81\x8f\xe3\x82\x8c\xe3\x82\x8b\xe4\xba\xba\xe5\x8b\x9f\xe9\x9b\x86\xe4\xb8\xad\xe3\x81\xa7\xe3\x81\x99\xe3\x80\x82\xe6\xb0\x97\xe8\xbb\xbd\xe3\x81\xab\xe3\x83\x95\xe3\x82\xa9\xe3\x83\xad\xe3\x83\xbc\xe3\x81\x97\xe3\x81\xa6\xe3\x81\x8f\xe3\x81\xa0\xe3\x81\x95\xe3\x81\x84\xef\xbc\x81'
2018-10-29 23:57:45+00:00,Josueadalbert18,0,0,b'#rayito3.0 quiero ese iPhone #rayito3.0 quiero ese iPhone #rayito3.0 quiero ese iPhone #rayito3.0 quiero ese iPhone #rayito3.0 quiero ese iPhone #rayito3.0 quiero ese iPhone #rayito3.0 quiero ese iPhone #rayito3.0 quiero ese iPhone #rayito3.0 quiero'
2018-10-29 23:57:42+00:00,SwappaMucho,0,0,b'Featured: Swappa listing for Apple iPhone 6S Plus (AT&T): $220 https://swappa.com/listing/ZKW663/view \xe2\x80\xa6'
2018-10-29 23:57:38+00:00,NVvxMMdctoPsjzs,1,1,b'\xe3\x83\xa2\xe3\x82\xa4\xef\xbc\x81iPhone\xe3\x81\x8b\xe3\x82\x89\xe3\x82\xad\xe3\x83\xa3\xe3\x82\xb9\xe9\x85\x8d\xe4\xbf\xa1\xe4\xb8\xad -\xe9\x9f\xb3\xe6\xa5\xbd / \xe3\x82\xad\xe3\x83\xa3\xe3\x82\xb9\xe7\x8e\x84\xe5\xb8\xab https://cas.st/1e010982'
2018-10-29 23:57:38+00:00,59geka,0,0,b'\xe3\x81\x97\xe3\x81\x8b\xe3\x81\x97\xe3\x81\xaa\xe3\x81\x8c\xe3\x82\x89\xe5\x85\xac\xe5\xbc\x8f\xe3\x82\xb5\xe3\x82\xa4\xe3\x83\x88\xe3\x81\x8c\xe3\x83\xac\xe3\x82\xb9\xe3\x83\x9d\xe3\x83\xb3\xe3\x82\xb7\xe3\x83\x96\xe5\xaf\xbe\xe5\xbf\x9c\xe3\x81\x97\xe3\x81\xa6\xe3\x81\xaa\xe3\x81\x8f\xe3\x81\xa6iPhone\xe3\x81\x8b\xe3\x82\x89\xe3\x81\x98\xe3\x82\x83\xe3\x81\x82\xe3\x81\xbe\xe3\x81\x82\xe8\xa6\x8b\xe8\xbe\x9b\xe3\x81\x84\xe8\xa6\x8b\xe8\xbe\x9b\xe3\x81\x84\xe2\x80\xa6\xe2\x80\xa6'
2018-10-29 23:57:37+00:00,LornaQueen86,0,0,b'Poetic iPhone XR Giveaway https://wn.nr/B94Brj'
2018-10-29 23:57:35+00:00,yumetaka,0,0,b'\xe3\x83\xa1\xe3\x83\xbc\xe3\x83\xab\xe3\x83\x9e\xe3\x82\xac\xe3\x82\xb8\xe3\x83\xb3\xe3\x82\x92\xe3\x82\xa2\xe3\x83\x97\xe3\x83\xaa\xe3\x81\xa7\xe9\x85\x8d\xe4\xbf\xa1\xe4\xb8\xad \xe9\x80\xb1\xe4\xb8\x80\xe3\x81\xa7\xe8\xba\xab\xe8\xbf\x91\xe3\x81\xaa\xe5\x81\xa5\xe5\xba\xb7\xe6\x83\x85\xe5\xa0\xb1\xe3\x82\x92\xe3\x81\x8a\xe5\xb1\x8a\xe3\x81\x91\xe3\x81\x97\xe3\x81\xa6\xe3\x81\x84\xe3\x81\xbe\xe3\x81\x99 \xe8\xa9\xb3\xe3\x81\x97\xe3\x81\x8f\xe3\x81\xaf\xe3\x81\x93\xe3\x81\xa1\xe3\x82\x89\xe3\x81\xae\xe3\x82\xa2\xe3\x83\x97\xe3\x83\xaa\xe3\x81\x8b\xe3\x82\x89\xe2\x86\x93 \xe3\x82\xa2\xe3\x83\x97\xe3\x83\xaa\xe5\x90\x8d\xe3\x80\x8c\xe3\x81\x84\xe3\x81\x84\xe3\x81\xad\xe3\x82\xbf\xe3\x82\xa6\xe3\x83\xb3\xe3\x80\x8d iPhone\xe3\x81\x8b\xe3\x82\x89 https://itunes.apple.com/jp/app/%E3%81%84%E3%81%84%E3%81%AD%E3%82%BF%E3%82%A6%E3%83%B3/id889784122?mt=8 \xe2\x80\xa6 \xe2\x80\xa6 \xe2\x80\xa6 \xe2\x80\xa6 Google\xe3\x81\x8b\xe3\x82\x89 https://play.google.com/store/apps/details?id=com.sk_t.enetown&hl=ja \xe2\x80\xa6 \xe2\x80\xa6 #\xe3\x82\x86\xe3\x82\x81\xe3\x81\x9f\xe3\x81\x8b\xe6\x8e\xa5\xe9\xaa\xa8\xe9\x99\xa2 #\xe5\xaf\x8c\xe5\xb1\xb1\xe9\x99\xa2 #\xe3\x81\x84\xe3\x81\x84\xe3\x81\xad\xe3\x82\xbf\xe3\x82\xa6\xe3\x83\xb3pic.twitter.com/bLL8OCrw3J'
2018-10-29 23:57:34+00:00,RetortedSarcasm,0,0,b'Way to go iPhone you insensitive turd... #truncationviolation #sadpic.twitter.com/9X9jYk4JBy'
2018-10-29 23:57:34+00:00,diplay3311,0,0,"b'Surtout qu\xe2\x80\x99apr\xc3\xa8s les utilisateurs venant d\xe2\x80\x99iPhone 8 ou inf\xc3\xa9rieur (except\xc3\xa9 les mod\xc3\xa8les Plus) ne remarqueront pas la diff\xc3\xa9rence d\xe2\x80\x99\xc3\xa9cran (je parle de la densit\xc3\xa9 de pixels) de l\xe2\x80\x99iPhone X\xf0\x9f\x85\x81 et en plus d\xe2\x80\x99avoir que quelques fonctions en moins que l\xe2\x80\x99iPhone X\xf0\x9f\x85\x82, il rest dans les 800\xe2\x82\xac'"
2018-10-29 23:57:34+00:00,Josueadalbert18,0,0,b'#rayito3.0 quiero ese iPhone #rayito3.0 quiero ese iPhone #rayito3.0 quiero ese iPhone #rayito3.0 quiero ese iPhone #rayito3.0 quiero ese iPhone #rayito3.0 quiero ese iPhone #rayito3.0 quiero ese iPhone #rayito3.0 quiero ese iPhone #rayito3.0 quiero'
2018-10-29 23:57:33+00:00,wonderIund,0,1,b'Plug de carregador de 4 d\xc3\xb3lares matou meu iPhone guerreiro de 5 anos'
2018-10-29 23:57:31+00:00,mikenekomama,0,0,b'\xe3\x81\xa0\xe3\x81\x8b\xe3\x82\x89\xe3\x80\x81\xe3\x81\xaa\xe3\x81\x9c iPhone\xe3\x81\xab\xe6\x9c\xac\xe5\x90\x8d\xe3\x81\xa4\xe3\x81\x91\xe3\x81\x9f\xe3\x82\x8a airdrop\xe3\x81\x82\xe3\x81\xa3\xe3\x81\xb1\xe3\x81\xa3\xe3\x81\xb1\xe3\x83\xbc\xe3\x81\xab\xe3\x81\x97\xe3\x81\xa8\xe3\x81\x8f\xe3\x81\xae\xe3\x81\x8b\xe2\x80\xa6'
2018-10-29 23:57:30+00:00,GustOlmos,0,3,b'Al imperio se lo combate haciendo shoping en NY y utilizando iPhone'
2018-10-29 23:57:30+00:00,jd0864,1,0,b'Check this out on ebay >>>>iPhone 6 Case Cover Otterbox Defender Case with belt clip Holster Free Shipping #ebay #deals #deal #DealOfTheDay #Otterbox #ebaydeals #FreeShippinghttps://www.ebay.com/itm/283235163315 \xe2\x80\xa6'
2018-10-29 23:57:29+00:00,kyougaku_ikitai,0,0,b'\xe5\x85\xb1\xe5\xad\xa6\xe3\x81\xab\xe3\x81\x84\xe3\x81\xa3\xe3\x81\xa6\xe3\x80\x81\xe5\xb8\xad\xe3\x81\x8c\xe9\x9a\xa3\xe3\x81\xa0\xe3\x81\x8b\xe3\x82\x89\xe3\x81\x84\xe3\x81\xa4\xe3\x82\x82\xe5\x96\x8b\xe3\x81\xa3\xe3\x81\x9f\xe3\x82\x8a\xe3\x81\x97\xe3\x81\xa6\xe3\x82\x8b\xe4\xbb\xb2\xe3\x81\x84\xe3\x81\x84\xe7\x94\xb7\xe5\xad\x90\xe3\x81\x8ciPhone\xe3\x81\x84\xe3\x81\x98\xe3\x81\xa3\xe3\x81\xa6\xe3\x81\xa6\xe3\x81\x9f\xe3\x81\x8b\xe3\x82\x89\xe3\x80\x81\xe6\xb0\x97\xe3\x81\xa5\xe3\x81\x8b\xe3\x82\x8c\xe3\x81\xaa\xe3\x81\x84\xe3\x82\x88\xe3\x81\x86\xe3\x81\xab\xe3\x81\x9d\xe3\x80\x9c\xe3\x81\xa3\xe3\x81\xa8\xe8\xa6\x97\xe3\x81\x84\xe3\x81\xa6\xe3\x81\x9f\xe3\x82\x89LINE\xe3\x81\xae\xe3\x81\x8a\xe6\xb0\x97\xe3\x81\xab\xe5\x85\xa5\xe3\x82\x8a\xe3\x81\xae\xe3\x81\xa8\xe3\x81\x93\xe3\x82\x8d\xe3\x81\xab\xe8\x87\xaa\xe5\x88\x86\xe3\x81\xae\xe5\x90\x8d\xe5\x89\x8d\xe3\x81\xa0\xe3\x81\x91\xe3\x81\x8c\xe3\x81\x82\xe3\x81\xa3\xe3\x81\xa6\xe3\x80\x81\xe3\x80\x8c\xef\xbc\x81\xef\xbc\x9f\xe3\x80\x8d\xe3\x81\xa3\xe3\x81\xa6\xe3\x81\xaa\xe3\x81\xa3\xe3\x81\xa6\xe6\x81\x8b\xe5\xbf\x83\xe3\x81\x8c\xe8\x8a\xbd\xe7\x94\x9f\xe3\x81\x88\xe3\x81\xa6\xe3\x81\x97\xe3\x81\xbe\xe3\x81\xa3\xe3\x81\xa6\xe3\x80\x81\xe3\x81\x97\xe3\x82\x83\xe3\x81\xb9\xe3\x82\x8b\xe5\xba\xa6\xe3\x81\xab\xe6\x84\x8f\xe8\xad\x98\xe3\x81\x97\xe3\x81\xa1\xe3\x82\x83\xe3\x81\xa3\xe3\x81\xa6\xe3\x81\x8a\xe3\x81\x8b\xe3\x81\x97\xe3\x81\x8f\xe3\x81\xaa\xe3\x82\x8a\xe3\x81\x9f\xe3\x81\x84\xe3\x81\xa0\xe3\x81\x91\xe3\x81\xae\xe4\xba\xba\xe7\x94\x9f\xe3\x81\xa0\xe3\x81\xa3\xe3\x81\x9f'
2018-10-29 23:57:28+00:00,ChuckUmeboshi,0,0,"b'SquareTrade shares results from its iPhone XR drop test, but how realistic is it? - SquareTrade does NOT COVER lost or stolen phones!!! BGR https://apple.news/AayDF2UccQneT8gtjzmTN_w \xe2\x80\xa6'"
